907,"Накидка на автомобильное сидение льняная ЛинТекс","https://zabaganka.com.ua/wp-content/uploads/2019/06/avtonakidka-600x500.jpg, https://zabaganka.com.ua/wp-content/uploads/2019/06/avtonakidka4-600x500.jpg, https://zabaganka.com.ua/wp-content/uploads/2019/06/avtonakidka41-600x500.jpg, https://zabaganka.com.ua/wp-content/uploads/2019/06/avtonakidka1-600x500.jpg, https://zabaganka.com.ua/wp-content/uploads/2019/06/avtonakidka5-600x500.jpg, https://zabaganka.com.ua/wp-content/uploads/2019/06/avtonakidka42-600x500.jpg"
914,"Подушка дорожная детская ЛинТекс","https://zabaganka.com.ua/wp-content/uploads/2019/06/poddetskdor-600x500.jpg, https://zabaganka.com.ua/wp-content/uploads/2019/06/poddetskdor2-600x500.jpg, https://zabaganka.com.ua/wp-content/uploads/2019/06/podrazrez1-600x500.jpg, https://zabaganka.com.ua/wp-content/uploads/2019/06/1-600x500.jpg"
1134,"Зубная бамбуковая щетка","https://zabaganka.com.ua/wp-content/uploads/2019/06/IMG_3393.jpg, https://zabaganka.com.ua/wp-content/uploads/2019/06/IMG_3393.jpg, https://zabaganka.com.ua/wp-content/uploads/2019/06/IMG_3378.jpg, https://zabaganka.com.ua/wp-content/uploads/2019/06/IMG_3380.jpg"
1251,"Ортопедический валик на автомобильные кресла ЛинТекс","https://zabaganka.com.ua/wp-content/uploads/2019/06/avtovalikk4-600x500.jpg, https://zabaganka.com.ua/wp-content/uploads/2019/06/valikofisn-600x500.jpg, https://zabaganka.com.ua/wp-content/uploads/2019/06/avovalik-600x500.jpg, https://zabaganka.com.ua/wp-content/uploads/2019/06/avtovalik1-600x500.jpg, https://zabaganka.com.ua/wp-content/uploads/2019/06/1-600x500.jpg"
1255,"Подушка дорожная льняная ЛинТекс","https://zabaganka.com.ua/wp-content/uploads/2019/06/8-600x500.jpg, https://zabaganka.com.ua/wp-content/uploads/2019/06/7-600x500.jpg, https://zabaganka.com.ua/wp-content/uploads/2019/06/9-600x500.jpg, https://zabaganka.com.ua/wp-content/uploads/2019/06/poddorrazrez-600x500.jpg, https://zabaganka.com.ua/wp-content/uploads/2019/06/49-600x500.jpg, https://zabaganka.com.ua/wp-content/uploads/2019/06/1-600x500.jpg"
1260,"Накидка на автокресло (группы 0+) льняная ЛинТекс","https://zabaganka.com.ua/wp-content/uploads/2019/06/06-600x500.jpg, https://zabaganka.com.ua/wp-content/uploads/2019/06/03-600x500.jpg, https://zabaganka.com.ua/wp-content/uploads/2019/06/01-600x500.jpg, https://zabaganka.com.ua/wp-content/uploads/2019/06/02-600x500.jpg, https://zabaganka.com.ua/wp-content/uploads/2019/06/1-600x500.jpg"
1265,"Накидка на автокресло группы 1/2 льняная ЛинТекс","https://zabaganka.com.ua/wp-content/uploads/2019/06/1-203-600x500.jpg, https://zabaganka.com.ua/wp-content/uploads/2019/06/1-22-600x500.jpg, https://zabaganka.com.ua/wp-content/uploads/2019/06/1-23-600x500.jpg, https://zabaganka.com.ua/wp-content/uploads/2019/06/1-207-600x500.jpg, https://zabaganka.com.ua/wp-content/uploads/2019/06/1-600x500.jpg"
1270,"Накидка на автокресло группы 2/3 льняная ЛинТекс","https://zabaganka.com.ua/wp-content/uploads/2019/06/2-301-600x500.jpg, https://zabaganka.com.ua/wp-content/uploads/2019/06/2-32-600x500.jpg, https://zabaganka.com.ua/wp-content/uploads/2019/06/2-302-600x500.jpg, https://zabaganka.com.ua/wp-content/uploads/2019/06/knopki-600x500.jpg, https://zabaganka.com.ua/wp-content/uploads/2019/06/1-600x500.jpg"
1275,"Накидка для автокресла и коляски универсальная льняная ЛинТекс","https://zabaganka.com.ua/wp-content/uploads/2019/06/universalna1-600x500.jpg, https://zabaganka.com.ua/wp-content/uploads/2019/06/universalna2-600x500.jpg, https://zabaganka.com.ua/wp-content/uploads/2019/06/universalna3-600x500.jpg, https://zabaganka.com.ua/wp-content/uploads/2019/06/IMGP1345-600x500.jpg, https://zabaganka.com.ua/wp-content/uploads/2019/06/1-600x500.jpg"
1338,"Повязка для сна в автокресле ЛинТекс","https://zabaganka.com.ua/wp-content/uploads/2019/06/tl1of6-600x500.jpg, https://zabaganka.com.ua/wp-content/uploads/2019/06/tl2of6-600x500.jpg, https://zabaganka.com.ua/wp-content/uploads/2019/06/tl3of6-600x500.jpg, https://zabaganka.com.ua/wp-content/uploads/2019/06/tl4of6-600x500.jpg, https://zabaganka.com.ua/wp-content/uploads/2019/06/tl5of6-600x500.jpg, https://zabaganka.com.ua/wp-content/uploads/2019/06/tl6of6-600x500.jpg"
1367,"Накладка на ремень безопасности ЛинТекс","https://zabaganka.com.ua/wp-content/uploads/2019/06/411-600x500.jpg, https://zabaganka.com.ua/wp-content/uploads/2019/06/311-600x500.jpg, https://zabaganka.com.ua/wp-content/uploads/2019/06/6-600x500.jpg, https://zabaganka.com.ua/wp-content/uploads/2019/06/7.-600x500.jpg, https://zabaganka.com.ua/wp-content/uploads/2019/06/8-600x500.jpg, https://zabaganka.com.ua/wp-content/uploads/2019/06/1-600x500.jpg"
1376,"Сумка льняная","https://zabaganka.com.ua/wp-content/uploads/2019/06/2-600x500.jpg, https://zabaganka.com.ua/wp-content/uploads/2019/06/1.1-600x500.jpg, https://zabaganka.com.ua/wp-content/uploads/2019/06/21-600x500.jpg"
1389,"Подушка-валик льняная ЛинТекс","https://zabaganka.com.ua/wp-content/uploads/2019/06/img_8746-600x500.jpg, https://zabaganka.com.ua/wp-content/uploads/2019/06/img_8755-600x500.jpg, https://zabaganka.com.ua/wp-content/uploads/2019/06/img_8759-600x500.jpg, https://zabaganka.com.ua/wp-content/uploads/2019/06/img_8961-600x500.jpg, https://zabaganka.com.ua/wp-content/uploads/2019/06/49-600x500.jpg, https://zabaganka.com.ua/wp-content/uploads/2019/06/1-600x500.jpg"
1396,"Природный дезодорант в чехле из мешковины","https://zabaganka.com.ua/wp-content/uploads/2019/06/61839509_2419430028114933_1142284665910984704_n-2.jpg, https://zabaganka.com.ua/wp-content/uploads/2019/06/61970110_2219261701494425_4041219627424940032_n-1.jpg, https://zabaganka.com.ua/wp-content/uploads/2019/06/61839509_2419430028114933_1142284665910984704_n-2.jpg"
1399,"Коробочка для молочных зубов","https://zabaganka.com.ua/wp-content/uploads/2019/06/62456058_3241649332527582_7661536312427544576_n.jpg, https://zabaganka.com.ua/wp-content/uploads/2019/06/62138063_2231294730292730_3412694452630716416_n.jpg, https://zabaganka.com.ua/wp-content/uploads/2019/06/62216762_2231996133574713_3800194631233175552_n.jpg, https://zabaganka.com.ua/wp-content/uploads/2019/06/62304294_2228924563840261_4105584080337240064_n.jpg, https://zabaganka.com.ua/wp-content/uploads/2019/06/62456058_3241649332527582_7661536312427544576_n-1.jpg"
1405,"Тарелка бамбуковая ""Бабочки"" 25 см","https://zabaganka.com.ua/wp-content/uploads/2019/06/61581432_2371541776246435_7763545178731708416_n.jpg, https://zabaganka.com.ua/wp-content/uploads/2019/06/IMG_3292.jpg, https://zabaganka.com.ua/wp-content/uploads/2019/06/IMG_3296.jpg"
1407,"Эко-стаканы ""Рельефные"" 500 мл",https://zabaganka.com.ua/wp-content/uploads/2019/06/IMG_3326-e1561204206654.jpg
1411,"Эко-стаканы ""Ромб"" 450 мл","https://zabaganka.com.ua/wp-content/uploads/2019/06/IMG_3322-e1561204965144.jpg, https://zabaganka.com.ua/wp-content/uploads/2019/06/61574400_2014280558682625_1178284952937037824_n.jpg, https://zabaganka.com.ua/wp-content/uploads/2019/06/IMG_3319.jpg"
1416,"Эко-стаканы ""Полоса"" 450 мл","https://zabaganka.com.ua/wp-content/uploads/2019/06/IMG_3324-e1561205258988.jpg, https://zabaganka.com.ua/wp-content/uploads/2019/06/IMG_3313.jpg, https://zabaganka.com.ua/wp-content/uploads/2019/06/IMG_3316.jpg"
1420,"Эко-стаканы ""Однотон"" 450 мл","https://zabaganka.com.ua/wp-content/uploads/2019/06/IMG_3323-e1561205522243.jpg, https://zabaganka.com.ua/wp-content/uploads/2019/06/IMG_3303.jpg, https://zabaganka.com.ua/wp-content/uploads/2019/06/IMG_3311.jpg"
1428,"Салатник большой бамбуковый  ""Бабочки""","https://zabaganka.com.ua/wp-content/uploads/2019/06/IMG_3270.jpg, https://zabaganka.com.ua/wp-content/uploads/2019/06/61385011_2237781682975767_8540826983909556224_n.jpg, https://zabaganka.com.ua/wp-content/uploads/2019/06/IMG_3272.jpg, https://zabaganka.com.ua/wp-content/uploads/2019/06/IMG_3273.jpg"
1433,"Набор детской посуды бамбуковой ""Пчелка""","https://zabaganka.com.ua/wp-content/uploads/2019/06/img-1-1.jpg, https://zabaganka.com.ua/wp-content/uploads/2019/06/img-1-1.jpg, https://zabaganka.com.ua/wp-content/uploads/2019/06/IMG_3540.jpg, https://zabaganka.com.ua/wp-content/uploads/2019/06/IMG_3544.jpg, https://zabaganka.com.ua/wp-content/uploads/2019/06/IMG_3545.jpg, https://zabaganka.com.ua/wp-content/uploads/2019/06/IMG_3549.jpg"
1442,"Ватные палочки бамбуковые","https://zabaganka.com.ua/wp-content/uploads/2019/06/IMG_3265.jpg, https://zabaganka.com.ua/wp-content/uploads/2019/06/IMG_3266.jpg"
1449,"Соломинка стальная изогнутая (нержавеющая сталь)","https://zabaganka.com.ua/wp-content/uploads/2019/06/IMG_3228.jpg, https://zabaganka.com.ua/wp-content/uploads/2019/06/IMG_3227.jpg, https://zabaganka.com.ua/wp-content/uploads/2019/06/IMG_3279.jpg, https://zabaganka.com.ua/wp-content/uploads/2019/06/IMG_3283.jpg"
1458,"Набор стеклянных банок для хранения","https://zabaganka.com.ua/wp-content/uploads/2019/06/IMG_3364.jpg, https://zabaganka.com.ua/wp-content/uploads/2019/06/IMG_3368-e1563188608671.jpg, https://zabaganka.com.ua/wp-content/uploads/2019/06/IMG_3367-e1563188878185.jpg, https://zabaganka.com.ua/wp-content/uploads/2019/06/IMG_3366-e1563188711979.jpg, https://zabaganka.com.ua/wp-content/uploads/2019/06/IMG_3365-e1563188735947.jpg, https://zabaganka.com.ua/wp-content/uploads/2019/06/IMG_3364.jpg"
1464,"Банки с бамбуковой крышкой","https://zabaganka.com.ua/wp-content/uploads/2019/06/IMG_3367-e1563188878185.jpg, https://zabaganka.com.ua/wp-content/uploads/2019/06/IMG_3368-e1563188608671.jpg, https://zabaganka.com.ua/wp-content/uploads/2019/06/IMG_3367-e1563188878185.jpg, https://zabaganka.com.ua/wp-content/uploads/2019/06/IMG_3366-e1563188711979.jpg, https://zabaganka.com.ua/wp-content/uploads/2019/06/IMG_3365-e1563188735947.jpg, https://zabaganka.com.ua/wp-content/uploads/2019/06/IMG_3364.jpg"
1469,"Ложка для меда","https://zabaganka.com.ua/wp-content/uploads/2019/06/IMG_3236.jpg, https://zabaganka.com.ua/wp-content/uploads/2019/06/IMG_3232.jpg, https://zabaganka.com.ua/wp-content/uploads/2019/06/IMG_3233.jpg"
1473,"Гребень из сандалового дерева ручной работы","https://zabaganka.com.ua/wp-content/uploads/2019/06/IMG_3438.jpg, https://zabaganka.com.ua/wp-content/uploads/2019/06/IMG_3438.jpg, https://zabaganka.com.ua/wp-content/uploads/2019/06/IMG_3437.jpg, https://zabaganka.com.ua/wp-content/uploads/2019/06/IMG_3436.jpg"
1477,"Менструальная чаша (размер S, Украина)","https://zabaganka.com.ua/wp-content/uploads/2019/10/103689889_gettyimages-1044118568.jpg, https://zabaganka.com.ua/wp-content/uploads/2019/10/103689889_gettyimages-1044118568.jpg, https://zabaganka.com.ua/wp-content/uploads/2019/10/Screenshot_1-40.jpg, https://zabaganka.com.ua/wp-content/uploads/2019/10/1p8gold3.jpg, https://zabaganka.com.ua/wp-content/uploads/2019/10/1p8black2.jpg, https://zabaganka.com.ua/wp-content/uploads/2019/06/IMG_3260.jpg"
1605,"Пододеяльники льняные ЛинТекс","https://zabaganka.com.ua/wp-content/uploads/2019/06/postil32-500x500-1.jpg, https://zabaganka.com.ua/wp-content/uploads/2019/06/postil33-500x500.jpg, https://zabaganka.com.ua/wp-content/uploads/2019/06/postil-500x500.jpg"
1606,"Пододеяльники льняные ЛинТекс - Лен, 110х140",
1607,"Пододеяльники льняные ЛинТекс - Лен, 145х215",
1608,"Пододеяльники льняные ЛинТекс - Лен, 175х215 см.",
1609,"Пододеяльники льняные ЛинТекс - Лен, 200х220",
1616,"Пододеяльники ЛинТекс (лен+хлопок)","https://zabaganka.com.ua/wp-content/uploads/2019/06/53-500x500.jpg, https://zabaganka.com.ua/wp-content/uploads/2019/06/prostin1-500x500.jpg, https://zabaganka.com.ua/wp-content/uploads/2019/06/postil32-500x500.jpg"
1621,"Пододеяльники ЛинТекс (лен+хлопок) - Лен+хлопок, 145х215 см",
1622,"Пододеяльники ЛинТекс (лен+хлопок) - Лен+хлопок, 175х215 см",
1623,"Пододеяльники ЛинТекс (лен+хлопок) - Лен+хлопок, 200х220 см",
1624,"Пододеяльники ЛинТекс (лен+хлопок) - Лен+хлопок, 110х140 см",
1627,"Наматрасники льняные ЛинТекс (ткань лен)","https://zabaganka.com.ua/wp-content/uploads/2019/06/namatrlon5-500x500.jpg, https://zabaganka.com.ua/wp-content/uploads/2019/06/namatrlon3-500x500.jpg, https://zabaganka.com.ua/wp-content/uploads/2019/06/namatrlon5-500x500-1.jpg, https://zabaganka.com.ua/wp-content/uploads/2019/06/namatrlon6-500x500.jpg, https://zabaganka.com.ua/wp-content/uploads/2019/06/razrez3-500x500.jpg, https://zabaganka.com.ua/wp-content/uploads/2019/06/1-500x500-2.jpg"
1628,"Наматрасники льняные ЛинТекс (ткань лен) - Лен, 70х190 см",
1629,"Наматрасники льняные ЛинТекс (ткань лен) - Лен, 80х190 см",
1630,"Наматрасники льняные ЛинТекс (ткань лен) - Лен, 80х200 см",
1631,"Наматрасники льняные ЛинТекс (ткань лен) - Лен, 90х190 см",
1632,"Наматрасники льняные ЛинТекс (ткань лен) - Лен, 90х200 см",
1633,"Наматрасники льняные ЛинТекс (ткань лен) - Лен, 100х190 см",
1634,"Наматрасники льняные ЛинТекс (ткань лен) - Лен, 110х190 см",
1635,"Наматрасники льняные ЛинТекс (ткань лен) - Лен, 120х190 см",
1636,"Наматрасники льняные ЛинТекс (ткань лен) - Лен, 140х190 см",
1637,"Наматрасники льняные ЛинТекс (ткань лен) - Лен, 140х200 см",
